Id,Y Original,Y predicted
0,39343,36946.24695607549
1,39891,47105.251539659526
2,63218,62805.531350653044
3,67938,72040.99006300217
4,101302,99747.36620004955
5,113812,102518.00381375427
